PACE_NUM,PACE_IN_SECONDS
0,462.5521477615764
1,533.7102904763277
2,480.89520650334157
3,534.8382005154273
4,525.3718070130808
5,594.6896166381697
6,504.4810482669096
7,562.674276865262
8,605.3192885063019
9,444.75883447161476
10,784.9852917319703
